{"D": 350.0, "Wg": 5.0, "Wp": 10.0, "Tr": 6.0, "Tp": 3.0, "Tf": 6.0, "H": 350.0, "Er": 3.01, "Ec": 2.0, "Shir": 3.98, "Ship": 5.89, "Shif": 3.91, "Scr": 4.01, "Scp": 2.04, "Scf": 4.01, "Str": 0.39, "Stp": 0.04, "Stf": 0.39, "Kr": 1000.0, "Kp": 100.0, "Kf": 1000.0, "Shic": 5.89, "Scc": 2.04, "Ef": 1.0, "Wc": 29.50000000000015, "Wsp": 148.59999999999584, "Wr": 64.40000000000062, "Wh": 163.45263990202025}